Title,Company,Location,Salary,URL
Senior Python Developer,"Payne, Roberts and Davis","Stewartbury, AA",Not Mentioned,https://www.realpython.com
Software Engineer (Python),Garcia PLC,"Ericberg, AE",Not Mentioned,https://www.realpython.com
Python Programmer (Entry-Level),"Moss, Duncan and Allen","Port Sara, AE",Not Mentioned,https://www.realpython.com
Python Programmer (Entry-Level),Cooper and Sons,"West Victor, AE",Not Mentioned,https://www.realpython.com
Software Developer (Python),Adams-Brewer,"Brockburgh, AE",Not Mentioned,https://www.realpython.com
Python Developer,Rivera and Sons,"East Michaelfort, AA",Not Mentioned,https://www.realpython.com
"Back-End Web Developer (Python, Django)",Stewart-Alexander,"South Kimberly, AA",Not Mentioned,https://www.realpython.com
"Back-End Web Developer (Python, Django)","Jackson, Ali and Mckee","New Elizabethside, AA",Not Mentioned,https://www.realpython.com
Python Programmer (Entry-Level),Mathews Inc,"Robertborough, AP",Not Mentioned,https://www.realpython.com
Software Developer (Python),Moreno-Rodriguez,"Martinezburgh, AE",Not Mentioned,https://www.realpython.com
Senior Python Developer,"Payne, Roberts and Davis","Stewartbury, AA",Not Mentioned,https://www.realpython.com
Software Engineer (Python),Garcia PLC,"Ericberg, AE",Not Mentioned,https://www.realpython.com
Python Programmer (Entry-Level),"Moss, Duncan and Allen","Port Sara, AE",Not Mentioned,https://www.realpython.com
Python Programmer (Entry-Level),Cooper and Sons,"West Victor, AE",Not Mentioned,https://www.realpython.com
Software Developer (Python),Adams-Brewer,"Brockburgh, AE",Not Mentioned,https://www.realpython.com
Python Developer,Rivera and Sons,"East Michaelfort, AA",Not Mentioned,https://www.realpython.com
"Back-End Web Developer (Python, Django)",Stewart-Alexander,"South Kimberly, AA",Not Mentioned,https://www.realpython.com
"Back-End Web Developer (Python, Django)","Jackson, Ali and Mckee","New Elizabethside, AA",Not Mentioned,https://www.realpython.com
Python Programmer (Entry-Level),Mathews Inc,"Robertborough, AP",Not Mentioned,https://www.realpython.com
Software Developer (Python),Moreno-Rodriguez,"Martinezburgh, AE",Not Mentioned,https://www.realpython.com
Senior Python Developer,"Payne, Roberts and Davis","Stewartbury, AA",Not Mentioned,https://www.realpython.com
Software Engineer (Python),Garcia PLC,"Ericberg, AE",Not Mentioned,https://www.realpython.com
Python Programmer (Entry-Level),"Moss, Duncan and Allen","Port Sara, AE",Not Mentioned,https://www.realpython.com
Python Programmer (Entry-Level),Cooper and Sons,"West Victor, AE",Not Mentioned,https://www.realpython.com
Software Developer (Python),Adams-Brewer,"Brockburgh, AE",Not Mentioned,https://www.realpython.com
Python Developer,Rivera and Sons,"East Michaelfort, AA",Not Mentioned,https://www.realpython.com
"Back-End Web Developer (Python, Django)",Stewart-Alexander,"South Kimberly, AA",Not Mentioned,https://www.realpython.com
"Back-End Web Developer (Python, Django)","Jackson, Ali and Mckee","New Elizabethside, AA",Not Mentioned,https://www.realpython.com
Python Programmer (Entry-Level),Mathews Inc,"Robertborough, AP",Not Mentioned,https://www.realpython.com
Software Developer (Python),Moreno-Rodriguez,"Martinezburgh, AE",Not Mentioned,https://www.realpython.com
Senior Python Developer,"Payne, Roberts and Davis","Stewartbury, AA",Not Mentioned,https://www.realpython.com
Software Engineer (Python),Garcia PLC,"Ericberg, AE",Not Mentioned,https://www.realpython.com
Python Programmer (Entry-Level),"Moss, Duncan and Allen","Port Sara, AE",Not Mentioned,https://www.realpython.com
Python Programmer (Entry-Level),Cooper and Sons,"West Victor, AE",Not Mentioned,https://www.realpython.com
Software Developer (Python),Adams-Brewer,"Brockburgh, AE",Not Mentioned,https://www.realpython.com
Python Developer,Rivera and Sons,"East Michaelfort, AA",Not Mentioned,https://www.realpython.com
"Back-End Web Developer (Python, Django)",Stewart-Alexander,"South Kimberly, AA",Not Mentioned,https://www.realpython.com
"Back-End Web Developer (Python, Django)","Jackson, Ali and Mckee","New Elizabethside, AA",Not Mentioned,https://www.realpython.com
Python Programmer (Entry-Level),Mathews Inc,"Robertborough, AP",Not Mentioned,https://www.realpython.com
Software Developer (Python),Moreno-Rodriguez,"Martinezburgh, AE",Not Mentioned,https://www.realpython.com
Senior Python Developer,"Payne, Roberts and Davis","Stewartbury, AA",Not Mentioned,https://www.realpython.com
Software Engineer (Python),Garcia PLC,"Ericberg, AE",Not Mentioned,https://www.realpython.com
Python Programmer (Entry-Level),"Moss, Duncan and Allen","Port Sara, AE",Not Mentioned,https://www.realpython.com
Python Programmer (Entry-Level),Cooper and Sons,"West Victor, AE",Not Mentioned,https://www.realpython.com
Software Developer (Python),Adams-Brewer,"Brockburgh, AE",Not Mentioned,https://www.realpython.com
Python Developer,Rivera and Sons,"East Michaelfort, AA",Not Mentioned,https://www.realpython.com
"Back-End Web Developer (Python, Django)",Stewart-Alexander,"South Kimberly, AA",Not Mentioned,https://www.realpython.com
"Back-End Web Developer (Python, Django)","Jackson, Ali and Mckee","New Elizabethside, AA",Not Mentioned,https://www.realpython.com
Python Programmer (Entry-Level),Mathews Inc,"Robertborough, AP",Not Mentioned,https://www.realpython.com
Software Developer (Python),Moreno-Rodriguez,"Martinezburgh, AE",Not Mentioned,https://www.realpython.com
